{"cameraMode":{"drawMode":0,"name":"Shaded","section":"Shading Mode"},"sceneLighting":true,"audioPlay":false,"sceneViewState":{"showFog":true,"showMaterialUpdate":false,"showSkybox":true,"showFlares":true,"showImageEffects":true,"showParticleSystems":true},"in2DMode":false,"pivot":{"x":3.6333820819854738,"y":0.8987382650375366,"z":-3.9798760414123537},"rotation":{"x":-0.07285238057374954,"y":-0.46335503458976748,"z":0.03812083601951599,"w":-0.8824449777603149},"size":1.2837176322937012,"orthographic":false}