{"cameraMode":{"drawMode":0,"name":"Shaded","section":"Shading Mode"},"sceneLighting":false,"audioPlay":false,"sceneViewState":{"showFog":true,"showMaterialUpdate":false,"showSkybox":false,"showFlares":true,"showImageEffects":true,"showParticleSystems":true},"in2DMode":false,"pivot":{"x":4.088208198547363,"y":1.0278370380401612,"z":0.0},"rotation":{"x":0.015488122589886189,"y":0.9711728096008301,"z":-0.2287341207265854,"w":0.0656299963593483},"size":8.714717864990235,"orthographic":false}