{"cameraMode":{"drawMode":0,"name":"Shaded","section":"Shading Mode"},"sceneLighting":true,"audioPlay":false,"sceneViewState":{"showFog":true,"showMaterialUpdate":false,"showSkybox":true,"showFlares":true,"showImageEffects":true,"showParticleSystems":true},"in2DMode":false,"pivot":{"x":1.8107420206069947,"y":1.32747220993042,"z":-0.9660482406616211},"rotation":{"x":-0.0820939764380455,"y":0.05497504398226738,"z":-0.004597766790539026,"w":-0.9951739311218262},"size":0.7567960023880005,"orthographic":false}