{"cameraMode":{"drawMode":0,"name":"Shaded","section":"Shading Mode"},"sceneLighting":true,"audioPlay":false,"sceneViewState":{"showFog":true,"showMaterialUpdate":false,"showSkybox":true,"showFlares":true,"showImageEffects":true,"showParticleSystems":true},"in2DMode":false,"pivot":{"x":0.4517354965209961,"y":-0.1635580062866211,"z":3.594956874847412},"rotation":{"x":0.15619581937789918,"y":0.7520517706871033,"z":-0.1922626942396164,"w":0.6108443737030029},"size":7.130315780639648,"orthographic":false}