{"cameraMode":{"drawMode":0,"name":"Shaded","section":"Shading Mode"},"sceneLighting":true,"audioPlay":false,"sceneViewState":{"showFog":true,"showMaterialUpdate":false,"showSkybox":true,"showFlares":true,"showImageEffects":true,"showParticleSystems":true},"in2DMode":false,"pivot":{"x":-1.0730491876602173,"y":5.545702934265137,"z":6.173434257507324},"rotation":{"x":-0.07081451267004013,"y":-0.9080249071121216,"z":0.1706477403640747,"w":-0.3761983811855316},"size":1.2837176322937012,"orthographic":false}