{"cameraMode":{"drawMode":0,"name":"Shaded","section":"Shading Mode"},"sceneLighting":true,"audioPlay":false,"sceneViewState":{"showFog":true,"showMaterialUpdate":false,"showSkybox":true,"showFlares":true,"showImageEffects":true,"showParticleSystems":true},"in2DMode":false,"pivot":{"x":1.7645052671432496,"y":3.600900888442993,"z":1.5827776193618775},"rotation":{"x":0.059488289058208469,"y":-0.9403467178344727,"z":0.24544522166252137,"w":0.22806008160114289},"size":3.174755811691284,"orthographic":false}