{"cameraMode":{"drawMode":0,"name":"Shaded","section":"Shading Mode"},"sceneLighting":true,"audioPlay":false,"sceneViewState":{"showFog":true,"showMaterialUpdate":false,"showSkybox":true,"showFlares":true,"showImageEffects":true,"showParticleSystems":true},"in2DMode":false,"pivot":{"x":2.2928082942962648,"y":1.5739139318466187,"z":-2.307931423187256},"rotation":{"x":0.3048727214336395,"y":0.43361929059028628,"z":-0.1586567461490631,"w":0.8330749273300171},"size":0.2253308892250061,"orthographic":false}