{"cameraMode":{"drawMode":0,"name":"Shaded","section":"Shading Mode"},"sceneLighting":true,"audioPlay":false,"sceneViewState":{"showFog":true,"showMaterialUpdate":false,"showSkybox":true,"showFlares":true,"showImageEffects":true,"showParticleSystems":true},"in2DMode":false,"pivot":{"x":2.9675865173339845,"y":1.5343341827392579,"z":-1.9305214881896973},"rotation":{"x":0.23975570499897004,"y":0.1963670253753662,"z":-0.049513932317495349,"w":0.94955974817276},"size":1.2837176322937012,"orthographic":false}