{"cameraMode":{"drawMode":0,"name":"Shaded","section":"Shading Mode"},"sceneLighting":true,"audioPlay":false,"sceneViewState":{"showFog":true,"showMaterialUpdate":false,"showSkybox":true,"showFlares":true,"showImageEffects":true,"showParticleSystems":true},"in2DMode":false,"pivot":{"x":-3.4830102920532228,"y":5.570257186889648,"z":-1.7041069269180298},"rotation":{"x":0.21776697039604188,"y":0.5795576572418213,"z":-0.16432949900627137,"w":0.7679339051246643},"size":3.174755811691284,"orthographic":false}