{"cameraMode":{"drawMode":0,"name":"Shaded","section":"Shading Mode"},"sceneLighting":true,"audioPlay":false,"sceneViewState":{"showFog":true,"showMaterialUpdate":false,"showSkybox":true,"showFlares":true,"showImageEffects":true,"showParticleSystems":true},"in2DMode":false,"pivot":{"x":-0.9362033009529114,"y":-5.138816833496094,"z":13.82568645477295},"rotation":{"x":0.15493570268154145,"y":-0.09616370499134064,"z":0.015155334956943989,"w":0.983121395111084},"size":10.0,"orthographic":false}