{"cameraMode":{"drawMode":0,"name":"Shaded","section":"Shading Mode"},"sceneLighting":true,"audioPlay":false,"sceneViewState":{"showFog":true,"showMaterialUpdate":false,"showSkybox":true,"showFlares":true,"showImageEffects":true,"showParticleSystems":true},"in2DMode":false,"pivot":{"x":-1.6878303289413453,"y":-2.307239532470703,"z":-17.219995498657228},"rotation":{"x":-0.011973350308835507,"y":0.9877589344978333,"z":-0.12091728299856186,"w":-0.09780893474817276},"size":10.0,"orthographic":false}