{"cameraMode":{"drawMode":0,"name":"Shaded","section":"Shading Mode"},"sceneLighting":true,"audioPlay":false,"sceneViewState":{"showFog":true,"showMaterialUpdate":false,"showSkybox":true,"showFlares":true,"showImageEffects":true,"showParticleSystems":true},"in2DMode":false,"pivot":{"x":0.5597362518310547,"y":4.580665588378906,"z":2.893462896347046},"rotation":{"x":-0.14985345304012299,"y":-0.7229306697845459,"z":0.16570337116718293,"w":-0.6538482904434204},"size":4.031336307525635,"orthographic":false}